-- ----------------------------------------- --
-- CREATE DATABASE, USER AND SET PRIVILEGES  --
-- ----------------------------------------- --

CREATE DATABASE IF NOT EXISTS 	kroton_test
	DEFAULT CHARACTER SET 		latin5 
    COLLATE 					latin5_bin;
    
    
CREATE USER 'kroton_test'@'localhost' IDENTIFIED BY 'root';

GRANT ALL PRIVILEGES ON kroton_test.* TO 'kroton_test'@'localhost';

FLUSH PRIVILEGES;

-- ----------------------------------------- --
--           CREATE TABLES FOR TEST          --
-- ----------------------------------------- --

CREATE TABLE kroton_test.SERVICO(
  ID BIGINT(12) 			NOT NULL COMMENT 'Chave primária da tabela.' AUTO_INCREMENT,
  NOME VARCHAR(100)		NOT NULL COMMENT 'Nome do serviço.',
  PRIMARY KEY PK_SERVICO (ID),
  UNIQUE KEY UK_SERVICO_NOME (NOME)
) ENGINE=InnoDB COMMENT='Tabela para registro de seviços.';

CREATE TABLE kroton_test.STATUS(
  ID BIGINT(12) 			NOT NULL COMMENT 'Chave primária da tabela.' AUTO_INCREMENT,
  NOME VARCHAR(50) 		NOT NULL COMMENT 'Nome do status.',
  PRIMARY KEY PK_STATUS (ID),
  UNIQUE KEY UK_STATUS_NOME (NOME)
) ENGINE=InnoDB COMMENT='Tabela para registro de status.';

CREATE TABLE kroton_test.CURSO(
  ID BIGINT(12) 			NOT NULL COMMENT 'Chave primária da tabela.' AUTO_INCREMENT,
  NOME VARCHAR(50) 		NOT NULL COMMENT 'Nome do curso.',
  PRIMARY KEY PK_CURSO (ID),
  UNIQUE KEY UK_CURSO_NOME (NOME)
) ENGINE=InnoDB COMMENT='Tabela para registro de curso.';

CREATE TABLE kroton_test.USUARIO(
  ID BIGINT(12) 			NOT NULL COMMENT 'Chave primária da tabela.' AUTO_INCREMENT,
  NOME VARCHAR(50) 		NOT NULL COMMENT 'Nome do usuário.',
  PRIMARY KEY PK_USUARIO (ID),
  UNIQUE KEY UK_USUARIO_NOME (NOME)
) ENGINE=InnoDB COMMENT='Tabela para registro de usuário.';

CREATE TABLE kroton_test.SOLICITACAO(
  ID 					BIGINT(12) NOT NULL COMMENT 'Chave primária da tabela.' AUTO_INCREMENT,
  DT_ABERTURA 			DATE NOT NULL COMMENT 'Data da abertura.',
  DT_ULTIMA_ALTERACAO 	DATE NOT NULL COMMENT 'Data da útilma alteração.',
  DT_DEFERIMENTO 		DATE COMMENT 'Data do deferimento.',
  DT_AGUARDANDO_ANALISE DATE NOT NULL COMMENT 'Data de aguardando análise.',
  DT_PAGAMENTO 			DATE NOT NULL COMMENT 'Data do pagamento.',
  ID_SERVICO 			BIGINT(12) NOT NULL COMMENT 'Identificador da associação com a entidade SERVICO.',
  ID_STATUS 			BIGINT(12) NOT NULL COMMENT 'Identificador da associação com a entidade STATUS.',
  ID_CURSO 				BIGINT(12) NOT NULL COMMENT 'Identificador da associação com a entidade CURSO.',
  PRIMARY KEY PK_SOLICITACAO (ID)
) ENGINE=InnoDB COMMENT='Tabela para registro de Solicitações.';

ALTER TABLE kroton_test.SOLICITACAO 
	ADD CONSTRAINT 	
		FOREIGN KEY 	FK_SOLICITACAO_SERVICO (ID_SERVICO) 
		REFERENCES 		kroton_test.SERVICO(ID);

ALTER TABLE kroton_test.SOLICITACAO 
	ADD CONSTRAINT 	
		FOREIGN KEY 	FK_SOLICITACAO_STATUS (ID_STATUS) 
		REFERENCES 		kroton_test.STATUS(ID);


ALTER TABLE kroton_test.SOLICITACAO 
	ADD CONSTRAINT 	
		FOREIGN KEY 	FK_SOLICITACAO_CURSO (ID_CURSO) 
		REFERENCES 		kroton_test.CURSO(ID);
        

CREATE TABLE kroton_test.TRAMITE(
  ID 					BIGINT(12) NOT NULL COMMENT 'Chave primária da tabela.' AUTO_INCREMENT,
  ID_SEQUENCIA			BIGINT(12) NOT NULL COMMENT 'Sequencial reinciado a cada nova solicitacao.',
  DS_OBS 				VARCHAR(200) NOT NULL COMMENT 'Observação do tramite.',
  DT_TRAMITE 			DATETIME NOT NULL COMMENT 'Data do tramite.',
  ID_USUARIO 			BIGINT(12) NOT NULL COMMENT 'Identificador da associação com a entidade USUARIO.',
  ID_SOLICITACAO 		BIGINT(12) NOT NULL COMMENT 'Identificador da associação com a entidade SOLICITACAO.',
  PRIMARY KEY PK_TRAMITE (ID)
) ENGINE=InnoDB COMMENT='Tabela para registro de Tramites de Solicitações.';

ALTER TABLE kroton_test.TRAMITE 
	ADD CONSTRAINT 	
		FOREIGN KEY 	FK_TRAMITE_SOLICITACAO (ID_SOLICITACAO) 
		REFERENCES 		kroton_test.SOLICITACAO(ID);

ALTER TABLE kroton_test.TRAMITE 
	ADD CONSTRAINT 	
		FOREIGN KEY 	FK_TRAMITE_USUARIO (ID_USUARIO) 
		REFERENCES 		kroton_test.USUARIO(ID);
        
-- ----------------------------------------- --
--               INSERT VALUES               --
-- ----------------------------------------- --

INSERT INTO kroton_test.STATUS (NOME, ID) VALUES ('FINALIZADO COM APROVEITAMENTO'     , 1);
INSERT INTO kroton_test.STATUS (NOME, ID) VALUES ('FINALIZADO SEM APROVEITAMENTO'     , 2);
INSERT INTO kroton_test.STATUS (NOME, ID) VALUES ('PROCESSO INDEFERIDO'               , 3);
INSERT INTO kroton_test.STATUS (NOME, ID) VALUES ('AGUARDANDO ANALISE DO COORDENADOR' , 4);
INSERT INTO kroton_test.STATUS (NOME, ID) VALUES ('DEVOLVIDO PARA REVISAO DO POLO'    , 5);


INSERT INTO kroton_test.CURSO (ID, NOME) VALUES (1, 'ARTES VISUAIS');
INSERT INTO kroton_test.CURSO (ID, NOME) VALUES (2, 'ADMINISTRACAO');
INSERT INTO kroton_test.CURSO (ID, NOME) VALUES (3, 'LOGISTICA');
INSERT INTO kroton_test.CURSO (ID, NOME) VALUES (4, 'ENGENHARIA DE PRODUCAO');
INSERT INTO kroton_test.CURSO (ID, NOME) VALUES (5, 'ENFERMAGEM');
INSERT INTO kroton_test.CURSO (ID, NOME) VALUES (6, 'CIENCIAS CONTABEIS');
INSERT INTO kroton_test.CURSO (ID, NOME) VALUES (8, 'GESTAO PUBLICA');
INSERT INTO kroton_test.CURSO (ID, NOME) VALUES (7, 'ENGENHARIA CIVIL');


INSERT INTO kroton_test.USUARIO (ID, NOME) VALUES (1, 'Polo');
INSERT INTO kroton_test.USUARIO (ID, NOME) VALUES (2, 'Coordenação');


INSERT INTO kroton_test.SERVICO (ID, NOME) VALUES (1, 'INSCRIÇÃO PARA PORTADOR DE DIPLOMA DE CURSO SUPERIOR');
INSERT INTO kroton_test.SERVICO (ID, NOME) VALUES (2, 'TRANSFERENCIA EXTERNA');
INSERT INTO kroton_test.SERVICO (ID, NOME) VALUES (3, 'APROVEITAMENTO DE ESTUDOS');


INSERT INTO kroton_test.SOLICITACAO (ID, DT_ABERTURA, DT_ULTIMA_ALTERACAO, DT_DEFERIMENTO, DT_AGUARDANDO_ANALISE, DT_PAGAMENTO, ID_SERVICO, ID_STATUS, ID_CURSO) VALUES (201700000001,  STR_TO_DATE('23/02/2017', '%d/%m/%Y'),  STR_TO_DATE('12/03/2017', '%d/%m/%Y'),  STR_TO_DATE('12/03/2017', '%d/%m/%Y'),  STR_TO_DATE('09/03/2017', '%d/%m/%Y'),  STR_TO_DATE('01/03/2017', '%d/%m/%Y'), 1, 1, 1);
INSERT INTO kroton_test.SOLICITACAO (ID, DT_ABERTURA, DT_ULTIMA_ALTERACAO, DT_DEFERIMENTO, DT_AGUARDANDO_ANALISE, DT_PAGAMENTO, ID_SERVICO, ID_STATUS, ID_CURSO) VALUES (201700000002,  STR_TO_DATE('01/03/2017', '%d/%m/%Y'),  STR_TO_DATE('11/03/2017', '%d/%m/%Y'),  STR_TO_DATE('11/03/2017', '%d/%m/%Y'),  STR_TO_DATE('08/03/2017', '%d/%m/%Y'),  STR_TO_DATE('01/03/2017', '%d/%m/%Y'), 2, 2, 2);
INSERT INTO kroton_test.SOLICITACAO (ID, DT_ABERTURA, DT_ULTIMA_ALTERACAO, DT_DEFERIMENTO, DT_AGUARDANDO_ANALISE, DT_PAGAMENTO, ID_SERVICO, ID_STATUS, ID_CURSO) VALUES (201700000003,  STR_TO_DATE('03/03/2017', '%d/%m/%Y'),  STR_TO_DATE('14/03/2017', '%d/%m/%Y'),  STR_TO_DATE('14/03/2017', '%d/%m/%Y'),  STR_TO_DATE('14/03/2017', '%d/%m/%Y'),  STR_TO_DATE('05/03/2017', '%d/%m/%Y'), 1, 3, 3);
INSERT INTO kroton_test.SOLICITACAO (ID, DT_ABERTURA, DT_ULTIMA_ALTERACAO, DT_DEFERIMENTO, DT_AGUARDANDO_ANALISE, DT_PAGAMENTO, ID_SERVICO, ID_STATUS, ID_CURSO) VALUES (201700000004,  STR_TO_DATE('03/03/2017', '%d/%m/%Y'),  STR_TO_DATE('07/03/2017', '%d/%m/%Y'),  STR_TO_DATE('07/03/2017', '%d/%m/%Y'),  STR_TO_DATE('04/03/2017', '%d/%m/%Y'),  STR_TO_DATE('04/03/2017', '%d/%m/%Y'), 3, 1, 4);
INSERT INTO kroton_test.SOLICITACAO (ID, DT_ABERTURA, DT_ULTIMA_ALTERACAO, DT_DEFERIMENTO, DT_AGUARDANDO_ANALISE, DT_PAGAMENTO, ID_SERVICO, ID_STATUS, ID_CURSO) VALUES (201700000005,  STR_TO_DATE('04/03/2017', '%d/%m/%Y'),  STR_TO_DATE('17/03/2017', '%d/%m/%Y'),  STR_TO_DATE('17/03/2017', '%d/%m/%Y'),  STR_TO_DATE('14/03/2017', '%d/%m/%Y'),  STR_TO_DATE('06/03/2017', '%d/%m/%Y'), 2, 1, 5);
INSERT INTO kroton_test.SOLICITACAO (ID, DT_ABERTURA, DT_ULTIMA_ALTERACAO, DT_DEFERIMENTO, DT_AGUARDANDO_ANALISE, DT_PAGAMENTO, ID_SERVICO, ID_STATUS, ID_CURSO) VALUES (201700000006,  STR_TO_DATE('04/03/2017', '%d/%m/%Y'),  STR_TO_DATE('15/03/2017', '%d/%m/%Y'),  STR_TO_DATE('15/03/2017', '%d/%m/%Y'),  STR_TO_DATE('12/03/2017', '%d/%m/%Y'),  STR_TO_DATE('06/03/2017', '%d/%m/%Y'), 3, 2, 6);
INSERT INTO kroton_test.SOLICITACAO (ID, DT_ABERTURA, DT_ULTIMA_ALTERACAO, DT_DEFERIMENTO, DT_AGUARDANDO_ANALISE, DT_PAGAMENTO, ID_SERVICO, ID_STATUS, ID_CURSO) VALUES (201700000007,  STR_TO_DATE('04/03/2017', '%d/%m/%Y'),  STR_TO_DATE('16/03/2017', '%d/%m/%Y'), null,  	                                STR_TO_DATE('16/03/2017', '%d/%m/%Y'),  STR_TO_DATE('08/03/2017', '%d/%m/%Y'), 1, 4, 7);
INSERT INTO kroton_test.SOLICITACAO (ID, DT_ABERTURA, DT_ULTIMA_ALTERACAO, DT_DEFERIMENTO, DT_AGUARDANDO_ANALISE, DT_PAGAMENTO, ID_SERVICO, ID_STATUS, ID_CURSO) VALUES (201700000008,  STR_TO_DATE('05/03/2017', '%d/%m/%Y'),  STR_TO_DATE('20/03/2017', '%d/%m/%Y'), null, 	                                STR_TO_DATE('17/03/2017', '%d/%m/%Y'),  STR_TO_DATE('10/03/2017', '%d/%m/%Y'), 2, 5, 8);


INSERT INTO kroton_test.TRAMITE (ID, ID_SOLICITACAO, ID_SEQUENCIA, DT_TRAMITE, DS_OBS, ID_USUARIO) VALUES (1, 201700000001, 1  , STR_TO_DATE('01/03/2017 14:28', '%d/%m/%Y %H:%i'), 'AGUARDANDO ANALISE DO COORDENADOR', 1);
INSERT INTO kroton_test.TRAMITE (ID, ID_SOLICITACAO, ID_SEQUENCIA, DT_TRAMITE, DS_OBS, ID_USUARIO) VALUES (2, 201700000001, 2  , STR_TO_DATE('01/03/2017 14:58', '%d/%m/%Y %H:%i'), 'INICIO DO TRATAMENTO', 2);
INSERT INTO kroton_test.TRAMITE (ID, ID_SOLICITACAO, ID_SEQUENCIA, DT_TRAMITE, DS_OBS, ID_USUARIO) VALUES (3, 201700000001, 3  , STR_TO_DATE('03/03/2017 17:26', '%d/%m/%Y %H:%i'), 'DEVOLVIDO PARA REVISÃO DO POLO', 2);
INSERT INTO kroton_test.TRAMITE (ID, ID_SOLICITACAO, ID_SEQUENCIA, DT_TRAMITE, DS_OBS, ID_USUARIO) VALUES (4, 201700000001, 4  , STR_TO_DATE('05/03/2017 09:34', '%d/%m/%Y %H:%i'), 'RESOLVIDO PELO POLO', 1);
INSERT INTO kroton_test.TRAMITE (ID, ID_SOLICITACAO, ID_SEQUENCIA, DT_TRAMITE, DS_OBS, ID_USUARIO) VALUES (5, 201700000001, 5  , STR_TO_DATE('05/03/2017 09:34', '%d/%m/%Y %H:%i'), 'AGUARDANDO ANALISE DO COORDENADOR', 1);
INSERT INTO kroton_test.TRAMITE (ID, ID_SOLICITACAO, ID_SEQUENCIA, DT_TRAMITE, DS_OBS, ID_USUARIO) VALUES (6, 201700000001, 6  , STR_TO_DATE('06/03/2017 14:00', '%d/%m/%Y %H:%i'), 'INICIO DO TRATAMENTO', 2);
INSERT INTO kroton_test.TRAMITE (ID, ID_SOLICITACAO, ID_SEQUENCIA, DT_TRAMITE, DS_OBS, ID_USUARIO) VALUES (7, 201700000001, 7  , STR_TO_DATE('06/03/2017 14:45', '%d/%m/%Y %H:%i'), 'DEVOLVIDO PARA REVISÃO DO POLO', 2);
INSERT INTO kroton_test.TRAMITE (ID, ID_SOLICITACAO, ID_SEQUENCIA, DT_TRAMITE, DS_OBS, ID_USUARIO) VALUES (8, 201700000001, 8  , STR_TO_DATE('09/03/2017 12:43', '%d/%m/%Y %H:%i'), 'RESOLVIDO PELO POLO', 1);
INSERT INTO kroton_test.TRAMITE (ID, ID_SOLICITACAO, ID_SEQUENCIA, DT_TRAMITE, DS_OBS, ID_USUARIO) VALUES (9, 201700000001, 9  , STR_TO_DATE('09/03/2017 12:43', '%d/%m/%Y %H:%i'), 'AGUARDANDO ANALISE DO COORDENADOR', 1);
INSERT INTO kroton_test.TRAMITE (ID, ID_SOLICITACAO, ID_SEQUENCIA, DT_TRAMITE, DS_OBS, ID_USUARIO) VALUES (10, 201700000001, 10, STR_TO_DATE('10/03/2017 09:12', '%d/%m/%Y %H:%i'), 'INICIO DO TRATAMENTO', 2);
INSERT INTO kroton_test.TRAMITE (ID, ID_SOLICITACAO, ID_SEQUENCIA, DT_TRAMITE, DS_OBS, ID_USUARIO) VALUES (11, 201700000001, 11, STR_TO_DATE('12/03/2017 13:45', '%d/%m/%Y %H:%i'), 'PROCESSO DEFERIDO', 2);
INSERT INTO kroton_test.TRAMITE (ID, ID_SOLICITACAO, ID_SEQUENCIA, DT_TRAMITE, DS_OBS, ID_USUARIO) VALUES (12, 201700000001, 12, STR_TO_DATE('12/03/2017 13:49', '%d/%m/%Y %H:%i'), 'FINALIZADO COM APROVEITAMENTO', 2);
INSERT INTO kroton_test.TRAMITE (ID, ID_SOLICITACAO, ID_SEQUENCIA, DT_TRAMITE, DS_OBS, ID_USUARIO) VALUES (13, 201700000002, 1 , STR_TO_DATE('03/03/2017 13:28', '%d/%m/%Y %H:%i'), 'AGUARDANDO ANALISE DO COORDENADOR', 1);
INSERT INTO kroton_test.TRAMITE (ID, ID_SOLICITACAO, ID_SEQUENCIA, DT_TRAMITE, DS_OBS, ID_USUARIO) VALUES (14, 201700000002, 2 , STR_TO_DATE('05/03/2017 16:58', '%d/%m/%Y %H:%i'), 'INICIO DO TRATAMENTO', 2);
INSERT INTO kroton_test.TRAMITE (ID, ID_SOLICITACAO, ID_SEQUENCIA, DT_TRAMITE, DS_OBS, ID_USUARIO) VALUES (15, 201700000002, 3 , STR_TO_DATE('06/03/2017 17:26', '%d/%m/%Y %H:%i'), 'DEVOLVIDO PARA REVISÃO DO POLO', 2);
INSERT INTO kroton_test.TRAMITE (ID, ID_SOLICITACAO, ID_SEQUENCIA, DT_TRAMITE, DS_OBS, ID_USUARIO) VALUES (16, 201700000002, 4 , STR_TO_DATE('08/03/2017 11:34', '%d/%m/%Y %H:%i'), 'RESOLVIDO PELO POLO', 1);
INSERT INTO kroton_test.TRAMITE (ID, ID_SOLICITACAO, ID_SEQUENCIA, DT_TRAMITE, DS_OBS, ID_USUARIO) VALUES (17, 201700000002, 5 , STR_TO_DATE('08/03/2017 11:34', '%d/%m/%Y %H:%i'), 'AGUARDANDO ANALISE DO COORDENADOR', 1);
INSERT INTO kroton_test.TRAMITE (ID, ID_SOLICITACAO, ID_SEQUENCIA, DT_TRAMITE, DS_OBS, ID_USUARIO) VALUES (18, 201700000002, 6 , STR_TO_DATE('08/03/2017 15:00', '%d/%m/%Y %H:%i'), 'INICIO DO TRATAMENTO', 2);
INSERT INTO kroton_test.TRAMITE (ID, ID_SOLICITACAO, ID_SEQUENCIA, DT_TRAMITE, DS_OBS, ID_USUARIO) VALUES (19, 201700000002, 7 , STR_TO_DATE('11/03/2017 17:41', '%d/%m/%Y %H:%i'), 'PROCESSO DEFERIDO', 2);
INSERT INTO kroton_test.TRAMITE (ID, ID_SOLICITACAO, ID_SEQUENCIA, DT_TRAMITE, DS_OBS, ID_USUARIO) VALUES (20, 201700000002, 8 , STR_TO_DATE('11/03/2017 17:44', '%d/%m/%Y %H:%i'), 'FINALIZADO SEM APROVEITAMENTO', 2);
INSERT INTO kroton_test.TRAMITE (ID, ID_SOLICITACAO, ID_SEQUENCIA, DT_TRAMITE, DS_OBS, ID_USUARIO) VALUES (21, 201700000003, 1 , STR_TO_DATE('05/03/2017 14:28', '%d/%m/%Y %H:%i'), 'AGUARDANDO ANALISE DO COORDENADOR', 1);
INSERT INTO kroton_test.TRAMITE (ID, ID_SOLICITACAO, ID_SEQUENCIA, DT_TRAMITE, DS_OBS, ID_USUARIO) VALUES (22, 201700000003, 2 , STR_TO_DATE('06/03/2017 14:58', '%d/%m/%Y %H:%i'), 'INICIO DO TRATAMENTO', 2);
INSERT INTO kroton_test.TRAMITE (ID, ID_SOLICITACAO, ID_SEQUENCIA, DT_TRAMITE, DS_OBS, ID_USUARIO) VALUES (23, 201700000003, 3 , STR_TO_DATE('08/03/2017 17:26', '%d/%m/%Y %H:%i'), 'DEVOLVIDO PARA REVISÃO DO POLO', 2);
INSERT INTO kroton_test.TRAMITE (ID, ID_SOLICITACAO, ID_SEQUENCIA, DT_TRAMITE, DS_OBS, ID_USUARIO) VALUES (24, 201700000003, 4 , STR_TO_DATE('11/03/2017 09:34', '%d/%m/%Y %H:%i'), 'RESOLVIDO PELO POLO', 1);
INSERT INTO kroton_test.TRAMITE (ID, ID_SOLICITACAO, ID_SEQUENCIA, DT_TRAMITE, DS_OBS, ID_USUARIO) VALUES (25, 201700000003, 5 , STR_TO_DATE('11/03/2017 09:34', '%d/%m/%Y %H:%i'), 'AGUARDANDO ANALISE DO COORDENADOR', 1);
INSERT INTO kroton_test.TRAMITE (ID, ID_SOLICITACAO, ID_SEQUENCIA, DT_TRAMITE, DS_OBS, ID_USUARIO) VALUES (26, 201700000003, 6 , STR_TO_DATE('13/03/2017 14:00', '%d/%m/%Y %H:%i'), 'INICIO DO TRATAMENTO', 2);
INSERT INTO kroton_test.TRAMITE (ID, ID_SOLICITACAO, ID_SEQUENCIA, DT_TRAMITE, DS_OBS, ID_USUARIO) VALUES (27, 201700000003, 7 , STR_TO_DATE('13/03/2017 14:45', '%d/%m/%Y %H:%i'), 'DEVOLVIDO PARA REVISÃO DO POLO', 2);
INSERT INTO kroton_test.TRAMITE (ID, ID_SOLICITACAO, ID_SEQUENCIA, DT_TRAMITE, DS_OBS, ID_USUARIO) VALUES (28, 201700000003, 8 , STR_TO_DATE('14/03/2017 12:43', '%d/%m/%Y %H:%i'), 'RESOLVIDO PELO POLO', 1);
INSERT INTO kroton_test.TRAMITE (ID, ID_SOLICITACAO, ID_SEQUENCIA, DT_TRAMITE, DS_OBS, ID_USUARIO) VALUES (29, 201700000003, 9 , STR_TO_DATE('14/03/2017 12:43', '%d/%m/%Y %H:%i'), 'AGUARDANDO ANALISE DO COORDENADOR', 1);
INSERT INTO kroton_test.TRAMITE (ID, ID_SOLICITACAO, ID_SEQUENCIA, DT_TRAMITE, DS_OBS, ID_USUARIO) VALUES (30, 201700000003, 10, STR_TO_DATE('14/03/2017 13:57', '%d/%m/%Y %H:%i'), 'INICIO DO TRATAMENTO', 2);
INSERT INTO kroton_test.TRAMITE (ID, ID_SOLICITACAO, ID_SEQUENCIA, DT_TRAMITE, DS_OBS, ID_USUARIO) VALUES (31, 201700000003, 11, STR_TO_DATE('14/03/2017 14:25', '%d/%m/%Y %H:%i'), 'PROCESSO INDEFERIDO', 2);
INSERT INTO kroton_test.TRAMITE (ID, ID_SOLICITACAO, ID_SEQUENCIA, DT_TRAMITE, DS_OBS, ID_USUARIO) VALUES (32, 201700000004, 1 , STR_TO_DATE('04/03/2017 18:22', '%d/%m/%Y %H:%i'), 'AGUARDANDO ANALISE DO COORDENADOR', 1);
INSERT INTO kroton_test.TRAMITE (ID, ID_SOLICITACAO, ID_SEQUENCIA, DT_TRAMITE, DS_OBS, ID_USUARIO) VALUES (33, 201700000004, 2 , STR_TO_DATE('06/03/2017 13:02', '%d/%m/%Y %H:%i'), 'INICIO DO TRATAMENTO', 2);
INSERT INTO kroton_test.TRAMITE (ID, ID_SOLICITACAO, ID_SEQUENCIA, DT_TRAMITE, DS_OBS, ID_USUARIO) VALUES (34, 201700000004, 3 , STR_TO_DATE('07/03/2017 13:45', '%d/%m/%Y %H:%i'), 'PROCESSO DEFERIDO', 2);
INSERT INTO kroton_test.TRAMITE (ID, ID_SOLICITACAO, ID_SEQUENCIA, DT_TRAMITE, DS_OBS, ID_USUARIO) VALUES (35, 201700000004, 4 , STR_TO_DATE('07/03/2017 13:46', '%d/%m/%Y %H:%i'), 'FINALIZADO COM APROVEITAMENTO', 2);
INSERT INTO kroton_test.TRAMITE (ID, ID_SOLICITACAO, ID_SEQUENCIA, DT_TRAMITE, DS_OBS, ID_USUARIO) VALUES (36, 201700000005, 1 , STR_TO_DATE('06/03/2017 19:11', '%d/%m/%Y %H:%i'), 'AGUARDANDO ANALISE DO COORDENADOR', 1);
INSERT INTO kroton_test.TRAMITE (ID, ID_SOLICITACAO, ID_SEQUENCIA, DT_TRAMITE, DS_OBS, ID_USUARIO) VALUES (37, 201700000005, 2 , STR_TO_DATE('07/03/2017 13:13', '%d/%m/%Y %H:%i'), 'INICIO DO TRATAMENTO', 2);
INSERT INTO kroton_test.TRAMITE (ID, ID_SOLICITACAO, ID_SEQUENCIA, DT_TRAMITE, DS_OBS, ID_USUARIO) VALUES (38, 201700000005, 3 , STR_TO_DATE('07/03/2017 13:59', '%d/%m/%Y %H:%i'), 'DEVOLVIDO PARA REVISÃO DO POLO', 2);
INSERT INTO kroton_test.TRAMITE (ID, ID_SOLICITACAO, ID_SEQUENCIA, DT_TRAMITE, DS_OBS, ID_USUARIO) VALUES (39, 201700000005, 4 , STR_TO_DATE('10/03/2017 09:34', '%d/%m/%Y %H:%i'), 'RESOLVIDO PELO POLO', 1);
INSERT INTO kroton_test.TRAMITE (ID, ID_SOLICITACAO, ID_SEQUENCIA, DT_TRAMITE, DS_OBS, ID_USUARIO) VALUES (40, 201700000005, 5 , STR_TO_DATE('10/03/2017 09:34', '%d/%m/%Y %H:%i'), 'AGUARDANDO ANALISE DO COORDENADOR', 1);
INSERT INTO kroton_test.TRAMITE (ID, ID_SOLICITACAO, ID_SEQUENCIA, DT_TRAMITE, DS_OBS, ID_USUARIO) VALUES (41, 201700000005, 6 , STR_TO_DATE('11/03/2017 14:00', '%d/%m/%Y %H:%i'), 'INICIO DO TRATAMENTO', 2);
INSERT INTO kroton_test.TRAMITE (ID, ID_SOLICITACAO, ID_SEQUENCIA, DT_TRAMITE, DS_OBS, ID_USUARIO) VALUES (42, 201700000005, 7 , STR_TO_DATE('11/03/2017 17:21', '%d/%m/%Y %H:%i'), 'DEVOLVIDO PARA REVISÃO DO POLO', 2);
INSERT INTO kroton_test.TRAMITE (ID, ID_SOLICITACAO, ID_SEQUENCIA, DT_TRAMITE, DS_OBS, ID_USUARIO) VALUES (43, 201700000005, 8 , STR_TO_DATE('12/03/2017 18:43', '%d/%m/%Y %H:%i'), 'RESOLVIDO PELO POLO', 1);
INSERT INTO kroton_test.TRAMITE (ID, ID_SOLICITACAO, ID_SEQUENCIA, DT_TRAMITE, DS_OBS, ID_USUARIO) VALUES (44, 201700000005, 9 , STR_TO_DATE('12/03/2017 18:43', '%d/%m/%Y %H:%i'), 'AGUARDANDO ANALISE DO COORDENADOR', 1);
INSERT INTO kroton_test.TRAMITE (ID, ID_SOLICITACAO, ID_SEQUENCIA, DT_TRAMITE, DS_OBS, ID_USUARIO) VALUES (45, 201700000005, 10, STR_TO_DATE('14/03/2017 09:12', '%d/%m/%Y %H:%i'), 'INICIO DO TRATAMENTO', 2);
INSERT INTO kroton_test.TRAMITE (ID, ID_SOLICITACAO, ID_SEQUENCIA, DT_TRAMITE, DS_OBS, ID_USUARIO) VALUES (46, 201700000005, 11, STR_TO_DATE('14/03/2017 11:12', '%d/%m/%Y %H:%i'), 'DEVOLVIDO PARA REVISÃO DO POLO', 2);
INSERT INTO kroton_test.TRAMITE (ID, ID_SOLICITACAO, ID_SEQUENCIA, DT_TRAMITE, DS_OBS, ID_USUARIO) VALUES (47, 201700000005, 12, STR_TO_DATE('14/03/2017 21:25', '%d/%m/%Y %H:%i'), 'RESOLVIDO PELO POLO', 1);
INSERT INTO kroton_test.TRAMITE (ID, ID_SOLICITACAO, ID_SEQUENCIA, DT_TRAMITE, DS_OBS, ID_USUARIO) VALUES (48, 201700000005, 13, STR_TO_DATE('14/03/2017 21:25', '%d/%m/%Y %H:%i'), 'AGUARDANDO ANALISE DO COORDENADOR', 1);
INSERT INTO kroton_test.TRAMITE (ID, ID_SOLICITACAO, ID_SEQUENCIA, DT_TRAMITE, DS_OBS, ID_USUARIO) VALUES (49, 201700000005, 14, STR_TO_DATE('16/03/2017 10:33', '%d/%m/%Y %H:%i'), 'INICIO DO TRATAMENTO', 2);
INSERT INTO kroton_test.TRAMITE (ID, ID_SOLICITACAO, ID_SEQUENCIA, DT_TRAMITE, DS_OBS, ID_USUARIO) VALUES (50, 201700000005, 15, STR_TO_DATE('17/03/2017 13:05', '%d/%m/%Y %H:%i'), 'PROCESSO DEFERIDO', 2);
INSERT INTO kroton_test.TRAMITE (ID, ID_SOLICITACAO, ID_SEQUENCIA, DT_TRAMITE, DS_OBS, ID_USUARIO) VALUES (51, 201700000005, 16, STR_TO_DATE('17/03/2017 13:08', '%d/%m/%Y %H:%i'), 'FINALIZADO COM APROVEITAMENTO', 2);
INSERT INTO kroton_test.TRAMITE (ID, ID_SOLICITACAO, ID_SEQUENCIA, DT_TRAMITE, DS_OBS, ID_USUARIO) VALUES (52, 201700000006, 1 , STR_TO_DATE('06/03/2017 10:00', '%d/%m/%Y %H:%i'), 'AGUARDANDO ANALISE DO COORDENADOR', 1);
INSERT INTO kroton_test.TRAMITE (ID, ID_SOLICITACAO, ID_SEQUENCIA, DT_TRAMITE, DS_OBS, ID_USUARIO) VALUES (53, 201700000006, 2 , STR_TO_DATE('06/03/2017 19:00', '%d/%m/%Y %H:%i'), 'INICIO DO TRATAMENTO', 2);
INSERT INTO kroton_test.TRAMITE (ID, ID_SOLICITACAO, ID_SEQUENCIA, DT_TRAMITE, DS_OBS, ID_USUARIO) VALUES (54, 201700000006, 3 , STR_TO_DATE('06/03/2017 21:50', '%d/%m/%Y %H:%i'), 'DEVOLVIDO PARA REVISÃO DO POLO', 2);
INSERT INTO kroton_test.TRAMITE (ID, ID_SOLICITACAO, ID_SEQUENCIA, DT_TRAMITE, DS_OBS, ID_USUARIO) VALUES (55, 201700000006, 4 , STR_TO_DATE('07/03/2017 11:34', '%d/%m/%Y %H:%i'), 'RESOLVIDO PELO POLO', 1);
INSERT INTO kroton_test.TRAMITE (ID, ID_SOLICITACAO, ID_SEQUENCIA, DT_TRAMITE, DS_OBS, ID_USUARIO) VALUES (56, 201700000006, 5 , STR_TO_DATE('07/03/2017 11:34', '%d/%m/%Y %H:%i'), 'AGUARDANDO ANALISE DO COORDENADOR', 1);
INSERT INTO kroton_test.TRAMITE (ID, ID_SOLICITACAO, ID_SEQUENCIA, DT_TRAMITE, DS_OBS, ID_USUARIO) VALUES (57, 201700000006, 6 , STR_TO_DATE('09/03/2017 14:00', '%d/%m/%Y %H:%i'), 'INICIO DO TRATAMENTO', 2);
INSERT INTO kroton_test.TRAMITE (ID, ID_SOLICITACAO, ID_SEQUENCIA, DT_TRAMITE, DS_OBS, ID_USUARIO) VALUES (58, 201700000006, 7 , STR_TO_DATE('09/03/2017 14:15', '%d/%m/%Y %H:%i'), 'DEVOLVIDO PARA REVISÃO DO POLO', 2);
INSERT INTO kroton_test.TRAMITE (ID, ID_SOLICITACAO, ID_SEQUENCIA, DT_TRAMITE, DS_OBS, ID_USUARIO) VALUES (59, 201700000006, 8 , STR_TO_DATE('12/03/2017 18:44', '%d/%m/%Y %H:%i'), 'RESOLVIDO PELO POLO', 1);
INSERT INTO kroton_test.TRAMITE (ID, ID_SOLICITACAO, ID_SEQUENCIA, DT_TRAMITE, DS_OBS, ID_USUARIO) VALUES (60, 201700000006, 9 , STR_TO_DATE('12/03/2017 18:44', '%d/%m/%Y %H:%i'), 'AGUARDANDO ANALISE DO COORDENADOR', 1);
INSERT INTO kroton_test.TRAMITE (ID, ID_SOLICITACAO, ID_SEQUENCIA, DT_TRAMITE, DS_OBS, ID_USUARIO) VALUES (61, 201700000006, 10, STR_TO_DATE('15/03/2017 09:01', '%d/%m/%Y %H:%i'), 'INICIO DO TRATAMENTO', 2);
INSERT INTO kroton_test.TRAMITE (ID, ID_SOLICITACAO, ID_SEQUENCIA, DT_TRAMITE, DS_OBS, ID_USUARIO) VALUES (62, 201700000006, 11, STR_TO_DATE('15/03/2017 14:22', '%d/%m/%Y %H:%i'), 'PROCESSO DEFERIDO', 2);
INSERT INTO kroton_test.TRAMITE (ID, ID_SOLICITACAO, ID_SEQUENCIA, DT_TRAMITE, DS_OBS, ID_USUARIO) VALUES (63, 201700000006, 12, STR_TO_DATE('15/03/2017 14:24', '%d/%m/%Y %H:%i'), 'FINALIZADO SEM APROVEITAMENTO', 2);
INSERT INTO kroton_test.TRAMITE (ID, ID_SOLICITACAO, ID_SEQUENCIA, DT_TRAMITE, DS_OBS, ID_USUARIO) VALUES (64, 201700000007, 1 , STR_TO_DATE('08/03/2017 16:01', '%d/%m/%Y %H:%i'), 'AGUARDANDO ANALISE DO COORDENADOR', 1);
INSERT INTO kroton_test.TRAMITE (ID, ID_SOLICITACAO, ID_SEQUENCIA, DT_TRAMITE, DS_OBS, ID_USUARIO) VALUES (65, 201700000007, 2 , STR_TO_DATE('11/03/2017 10:14', '%d/%m/%Y %H:%i'), 'INICIO DO TRATAMENTO', 2);
INSERT INTO kroton_test.TRAMITE (ID, ID_SOLICITACAO, ID_SEQUENCIA, DT_TRAMITE, DS_OBS, ID_USUARIO) VALUES (66, 201700000007, 3 , STR_TO_DATE('12/03/2017 09:04', '%d/%m/%Y %H:%i'), 'DEVOLVIDO PARA REVISÃO DO POLO', 2);
INSERT INTO kroton_test.TRAMITE (ID, ID_SOLICITACAO, ID_SEQUENCIA, DT_TRAMITE, DS_OBS, ID_USUARIO) VALUES (67, 201700000007, 4 , STR_TO_DATE('13/03/2017 11:34', '%d/%m/%Y %H:%i'), 'RESOLVIDO PELO POLO', 1);
INSERT INTO kroton_test.TRAMITE (ID, ID_SOLICITACAO, ID_SEQUENCIA, DT_TRAMITE, DS_OBS, ID_USUARIO) VALUES (68, 201700000007, 5 , STR_TO_DATE('13/03/2017 11:34', '%d/%m/%Y %H:%i'), 'AGUARDANDO ANALISE DO COORDENADOR', 1);
INSERT INTO kroton_test.TRAMITE (ID, ID_SOLICITACAO, ID_SEQUENCIA, DT_TRAMITE, DS_OBS, ID_USUARIO) VALUES (69, 201700000007, 6 , STR_TO_DATE('14/03/2017 12:00', '%d/%m/%Y %H:%i'), 'INICIO DO TRATAMENTO', 2);
INSERT INTO kroton_test.TRAMITE (ID, ID_SOLICITACAO, ID_SEQUENCIA, DT_TRAMITE, DS_OBS, ID_USUARIO) VALUES (70, 201700000007, 7 , STR_TO_DATE('14/03/2017 12:55', '%d/%m/%Y %H:%i'), 'DEVOLVIDO PARA REVISÃO DO POLO', 2);
INSERT INTO kroton_test.TRAMITE (ID, ID_SOLICITACAO, ID_SEQUENCIA, DT_TRAMITE, DS_OBS, ID_USUARIO) VALUES (71, 201700000007, 8 , STR_TO_DATE('16/03/2017 18:31', '%d/%m/%Y %H:%i'), 'RESOLVIDO PELO POLO', 1);
INSERT INTO kroton_test.TRAMITE (ID, ID_SOLICITACAO, ID_SEQUENCIA, DT_TRAMITE, DS_OBS, ID_USUARIO) VALUES (72, 201700000007, 9 , STR_TO_DATE('16/03/2017 18:31', '%d/%m/%Y %H:%i'), 'AGUARDANDO ANALISE DO COORDENADOR', 1);
INSERT INTO kroton_test.TRAMITE (ID, ID_SOLICITACAO, ID_SEQUENCIA, DT_TRAMITE, DS_OBS, ID_USUARIO) VALUES (73, 201700000008, 1 , STR_TO_DATE('10/03/2017 14:12', '%d/%m/%Y %H:%i'), 'AGUARDANDO ANALISE DO COORDENADOR', 1);
INSERT INTO kroton_test.TRAMITE (ID, ID_SOLICITACAO, ID_SEQUENCIA, DT_TRAMITE, DS_OBS, ID_USUARIO) VALUES (74, 201700000008, 2 , STR_TO_DATE('11/03/2017 13:58', '%d/%m/%Y %H:%i'), 'INICIO DO TRATAMENTO', 2);
INSERT INTO kroton_test.TRAMITE (ID, ID_SOLICITACAO, ID_SEQUENCIA, DT_TRAMITE, DS_OBS, ID_USUARIO) VALUES (75, 201700000008, 3 , STR_TO_DATE('11/03/2017 17:26', '%d/%m/%Y %H:%i'), 'DEVOLVIDO PARA REVISÃO DO POLO', 2);
INSERT INTO kroton_test.TRAMITE (ID, ID_SOLICITACAO, ID_SEQUENCIA, DT_TRAMITE, DS_OBS, ID_USUARIO) VALUES (76, 201700000008, 4 , STR_TO_DATE('15/03/2017 08:11', '%d/%m/%Y %H:%i'), 'RESOLVIDO PELO POLO', 1);
INSERT INTO kroton_test.TRAMITE (ID, ID_SOLICITACAO, ID_SEQUENCIA, DT_TRAMITE, DS_OBS, ID_USUARIO) VALUES (77, 201700000008, 5 , STR_TO_DATE('15/03/2017 08:11', '%d/%m/%Y %H:%i'), 'AGUARDANDO ANALISE DO COORDENADOR', 1);
INSERT INTO kroton_test.TRAMITE (ID, ID_SOLICITACAO, ID_SEQUENCIA, DT_TRAMITE, DS_OBS, ID_USUARIO) VALUES (78, 201700000008, 6 , STR_TO_DATE('17/03/2017 11:00', '%d/%m/%Y %H:%i'), 'INICIO DO TRATAMENTO', 2);
INSERT INTO kroton_test.TRAMITE (ID, ID_SOLICITACAO, ID_SEQUENCIA, DT_TRAMITE, DS_OBS, ID_USUARIO) VALUES (79, 201700000008, 7 , STR_TO_DATE('17/03/2017 11:45', '%d/%m/%Y %H:%i'), 'DEVOLVIDO PARA REVISÃO DO POLO', 2);
INSERT INTO kroton_test.TRAMITE (ID, ID_SOLICITACAO, ID_SEQUENCIA, DT_TRAMITE, DS_OBS, ID_USUARIO) VALUES (80, 201700000008, 8 , STR_TO_DATE('17/03/2017 21:43', '%d/%m/%Y %H:%i'), 'RESOLVIDO PELO POLO', 1);
INSERT INTO kroton_test.TRAMITE (ID, ID_SOLICITACAO, ID_SEQUENCIA, DT_TRAMITE, DS_OBS, ID_USUARIO) VALUES (81, 201700000008, 9 , STR_TO_DATE('17/03/2017 21:43', '%d/%m/%Y %H:%i'), 'AGUARDANDO ANALISE DO COORDENADOR', 1);
INSERT INTO kroton_test.TRAMITE (ID, ID_SOLICITACAO, ID_SEQUENCIA, DT_TRAMITE, DS_OBS, ID_USUARIO) VALUES (82, 201700000008, 10, STR_TO_DATE('20/03/2017 13:19', '%d/%m/%Y %H:%i'), 'INICIO DO TRATAMENTO', 2);
INSERT INTO kroton_test.TRAMITE (ID, ID_SOLICITACAO, ID_SEQUENCIA, DT_TRAMITE, DS_OBS, ID_USUARIO) VALUES (83, 201700000008, 11, STR_TO_DATE('20/03/2017 14:09', '%d/%m/%Y %H:%i'), 'DEVOLVIDO PARA REVISÃO DO POLO', 2);